date,handle,posts
2026-03-01,PatriciaK_Trial7,1
2026-03-01,capsid_kate,1
2026-03-01,pipette_pete,1
2026-03-02,PatriciaK_Trial7,4
2026-03-02,TrueBeliever_Marguerite,1
2026-03-02,abstract_only,1
2026-03-02,pipette_pete,1
2026-03-02,red_flag_ruth,1
2026-03-03,TrueBeliever_Marguerite,2
2026-03-03,capsid_kate,1
2026-03-03,grant_cycle_gus,2
2026-03-03,hexose_hank,1
2026-03-03,no_moat_no_problem,1
2026-03-04,PatriciaK_Trial7,2
2026-03-04,TrueBeliever_Marguerite,1
2026-03-04,half_life_hal,1
2026-03-05,MinutesOfTheBoard,1
2026-03-05,TrueBeliever_Marguerite,3
2026-03-05,aliquot_amy,1
2026-03-05,burette_bill,1
2026-03-05,float_adjusted,1
2026-03-05,lyophile_lou,1
2026-03-05,pipette_pete,1
2026-03-05,rf_value_only,1
2026-03-05,wetlab_wendy,1
2026-03-06,abstract_only,1
2026-03-06,float_adjusted,1
2026-03-06,half_life_hal,1
2026-03-06,wetlab_wendy,1
2026-03-07,TrueBeliever_Marguerite,1
2026-03-07,assay_annie,1
2026-03-07,downstream_dan,1
2026-03-07,lyophile_lou,1
2026-03-07,nine_basis_pts,1
2026-03-08,PatriciaK_Trial7,1
2026-03-08,TrueBeliever_Marguerite,1
2026-03-08,dr_marlow_ethics,1
2026-03-08,lyophile_lou,1
2026-03-08,quarterly_owl,1
2026-03-09,TrueBeliever_Marguerite,5
2026-03-09,rf_value_only,1
2026-03-09,tare_weight,2
2026-03-10,BURN_HALCYON_DOWN,2
2026-03-10,PatriciaK_Trial7,1
2026-03-10,TrueBeliever_Marguerite,2
2026-03-10,half_life_hal,1
2026-03-10,mgmt_fee_moe,1
2026-03-11,BURN_HALCYON_DOWN,2
2026-03-11,PatriciaK_Trial7,1
2026-03-11,TrueBeliever_Marguerite,3
2026-03-11,cuvette_carl,1
2026-03-11,grant_cycle_gus,2
2026-03-11,rf_value_only,1
2026-03-11,still_water_77,2
2026-03-12,BURN_HALCYON_DOWN,2
2026-03-12,PatriciaK_Trial7,2
2026-03-12,cold_chain_cathy,1
2026-03-12,cuvette_carl,1
2026-03-12,nine_basis_pts,1
2026-03-12,no_moat_no_problem,1
2026-03-13,dr_marlow_ethics,1
2026-03-13,still_water_77,1
2026-03-14,BURN_HALCYON_DOWN,3
2026-03-14,PatriciaK_Trial7,2
2026-03-14,PhaseTwoPhil,1
2026-03-14,TrueBeliever_Marguerite,2
2026-03-14,dr_marlow_ethics,1
2026-03-14,footnote_frank,1
2026-03-14,still_water_77,1
2026-03-15,BURN_HALCYON_DOWN,2
2026-03-15,burette_bill,1
2026-03-15,half_life_hal,1
2026-03-15,nightjar_atlas,1
2026-03-15,still_water_77,1
2026-03-15,the_long_bid,1
2026-03-16,PatriciaK_Trial7,1
2026-03-16,TrueBeliever_Marguerite,3
2026-03-16,bench_and_bench,1
2026-03-16,dr_marlow_ethics,1
2026-03-16,float_adjusted,1
2026-03-16,orchard_row,1
2026-03-16,pipette_pete,1
2026-03-16,still_water_77,1
2026-03-17,PatriciaK_Trial7,1
2026-03-17,TrueBeliever_Marguerite,1
2026-03-17,bench_and_bench,1
2026-03-17,capsid_kate,1
2026-03-17,hexose_hank,1
2026-03-17,pipette_pete,1
2026-03-17,red_flag_ruth,1
2026-03-17,tangent_line_,1
2026-03-18,BURN_HALCYON_DOWN,2
2026-03-18,PatriciaK_Trial7,2
2026-03-18,TrueBeliever_Marguerite,4
2026-03-18,burette_bill,1
2026-03-18,still_water_77,1
2026-03-19,BURN_HALCYON_DOWN,2
2026-03-19,PatriciaK_Trial7,1
2026-03-19,TrueBeliever_Marguerite,1
2026-03-19,abstract_only,1
2026-03-19,dr_marlow_ethics,1
2026-03-19,red_flag_ruth,1
2026-03-20,BURN_HALCYON_DOWN,1
2026-03-20,PatriciaK_Trial7,1
2026-03-20,PhaseTwoPhil,1
2026-03-20,TrueBeliever_Marguerite,2
2026-03-20,cuvette_carl,1
2026-03-20,downstream_dan,1
2026-03-20,dr_marlow_ethics,1
2026-03-20,hexose_hank,1
2026-03-20,rf_value_only,2
2026-03-21,PhaseTwoPhil,1
2026-03-21,TrueBeliever_Marguerite,1
2026-03-21,aliquot_amy,1
2026-03-21,burette_bill,1
2026-03-21,red_flag_ruth,1
2026-03-22,BURN_HALCYON_DOWN,1
2026-03-22,PatriciaK_Trial7,1
2026-03-22,TrueBeliever_Marguerite,1
2026-03-22,nine_basis_pts,1
2026-03-22,tare_weight,1
2026-03-23,BURN_HALCYON_DOWN,3
2026-03-23,PatriciaK_Trial7,2
2026-03-23,TrueBeliever_Marguerite,2
2026-03-23,bench_and_bench,1
2026-03-23,mgmt_fee_moe,1
2026-03-23,nightjar_atlas,1
2026-03-23,tangent_line_,1
2026-03-23,vellum_and_ink,1
2026-03-24,BURN_HALCYON_DOWN,1
2026-03-24,TrueBeliever_Marguerite,2
2026-03-24,bench_and_bench,1
2026-03-24,former_badge_4471,1
2026-03-24,grant_cycle_gus,1
2026-03-24,hexose_hank,1
2026-03-24,nightjar_atlas,1
2026-03-25,BURN_HALCYON_DOWN,2
2026-03-25,PatriciaK_Trial7,2
2026-03-25,PhaseTwoPhil,1
2026-03-25,bench_and_bench,1
2026-03-25,orchard_row,1
2026-03-25,still_water_77,1
2026-03-25,tare_weight,1
2026-03-26,PatriciaK_Trial7,1
2026-03-26,TrueBeliever_Marguerite,1
2026-03-26,bench_and_bench,1
2026-03-26,footnote_frank,1
2026-03-26,still_water_77,1
2026-03-26,vellum_and_ink,1
2026-03-27,BURN_HALCYON_DOWN,1
2026-03-27,PatriciaK_Trial7,1
2026-03-27,TrueBeliever_Marguerite,2
2026-03-27,dr_marlow_ethics,2
2026-03-27,former_badge_4471,1
2026-03-27,grant_cycle_gus,1
2026-03-27,the_long_bid,1
2026-03-28,burette_bill,1
2026-03-28,grant_cycle_gus,1
2026-03-28,nine_basis_pts,1
2026-03-29,BURN_HALCYON_DOWN,1
2026-03-29,cold_chain_cathy,1
2026-03-29,nine_basis_pts,1
2026-03-29,rf_value_only,1
2026-03-29,still_water_77,1
2026-03-30,BURN_HALCYON_DOWN,1
2026-03-30,PatriciaK_Trial7,2
2026-03-30,TrueBeliever_Marguerite,1
2026-03-30,dr_marlow_ethics,2
2026-03-30,nightjar_atlas,1
2026-03-31,BURN_HALCYON_DOWN,4
2026-03-31,PatriciaK_Trial7,1
2026-03-31,PhaseTwoPhil,1
2026-03-31,TrueBeliever_Marguerite,2
2026-03-31,capsid_kate,1
2026-03-31,dr_marlow_ethics,2
2026-03-31,former_badge_4471,2
2026-03-31,rf_value_only,1
2026-04-01,BURN_HALCYON_DOWN,1
2026-04-01,ClinicalCarla,1
2026-04-01,PatriciaK_Trial7,1
2026-04-01,TrueBeliever_Marguerite,2
2026-04-01,bench_and_bench,1
2026-04-01,cold_chain_cathy,1
2026-04-01,former_badge_4471,1
2026-04-01,hexose_hank,1
2026-04-01,nightjar_atlas,1
2026-04-02,AnonInvestor_Q,1
2026-04-02,PatriciaK_Trial7,1
2026-04-02,TrueBeliever_Marguerite,2
2026-04-02,nightjar_atlas,1
2026-04-02,still_water_77,1
2026-04-03,AnonInvestor_Q,2
2026-04-03,BURN_HALCYON_DOWN,1
2026-04-03,ClinicalCarla,1
2026-04-03,TrueBeliever_Marguerite,3
2026-04-03,hexose_hank,1
2026-04-03,nightjar_atlas,1
2026-04-03,still_water_77,1
2026-04-04,BURN_HALCYON_DOWN,1
2026-04-04,MinutesOfTheBoard,1
2026-04-04,TrueBeliever_Marguerite,3
2026-04-04,capsid_kate,1
2026-04-04,dr_marlow_ethics,2
2026-04-04,footnote_frank,1
2026-04-04,nightjar_atlas,1
2026-04-04,nine_basis_pts,1
2026-04-04,orchard_row,1
2026-04-05,AnonInvestor_Q,1
2026-04-05,PatriciaK_Trial7,1
2026-04-05,PosterFrame_,1
2026-04-05,TrueBeliever_Marguerite,1
2026-04-05,dr_marlow_ethics,1
2026-04-05,hexose_hank,1
2026-04-05,nine_basis_pts,1
2026-04-06,AnonInvestor_Q,1
2026-04-06,BURN_HALCYON_DOWN,1
2026-04-06,PatriciaK_Trial7,2
2026-04-06,capsid_kate,1
2026-04-06,former_badge_4471,2
2026-04-06,half_life_hal,1
2026-04-06,no_moat_no_problem,2
2026-04-06,quarterly_owl,1
2026-04-06,rf_value_only,1
2026-04-06,still_water_77,1
2026-04-07,AnonInvestor_Q,2
2026-04-07,ClinicalCarla,1
2026-04-07,PatriciaK_Trial7,1
2026-04-07,bench_and_bench,1
2026-04-07,former_badge_4471,1
2026-04-07,quarterly_owl,1
2026-04-07,still_water_77,1
2026-04-07,tare_weight,1
2026-04-07,vellum_and_ink,1
2026-04-08,BURN_HALCYON_DOWN,1
2026-04-08,PhaseTwoPhil,1
2026-04-08,TrueBeliever_Marguerite,1
2026-04-08,burette_bill,1
2026-04-08,float_adjusted,1
2026-04-08,hold_to_maturity,1
2026-04-08,mgmt_fee_moe,1
2026-04-08,nightjar_atlas,1
2026-04-08,still_water_77,1
2026-04-08,tangent_line_,1
2026-04-09,AnonInvestor_Q,1
2026-04-09,ClinicalCarla,1
2026-04-09,MinutesOfTheBoard,1
2026-04-09,PatriciaK_Trial7,1
2026-04-09,TrueBeliever_Marguerite,1
2026-04-09,former_badge_4471,1
2026-04-09,grant_cycle_gus,1
2026-04-09,nightjar_atlas,2
2026-04-09,quarterly_owl,1
2026-04-09,still_water_77,2
2026-04-10,BURN_HALCYON_DOWN,2
2026-04-10,PatriciaK_Trial7,1
2026-04-10,burette_bill,2
2026-04-10,nightjar_atlas,1
2026-04-11,BURN_HALCYON_DOWN,1
2026-04-11,PatriciaK_Trial7,2
2026-04-11,TrueBeliever_Marguerite,1
2026-04-11,float_adjusted,1
2026-04-12,AnonInvestor_Q,2
2026-04-12,BURN_HALCYON_DOWN,2
2026-04-12,MinutesOfTheBoard,1
2026-04-12,PatriciaK_Trial7,3
2026-04-12,TrueBeliever_Marguerite,2
2026-04-12,float_adjusted,1
2026-04-12,former_badge_4471,1
2026-04-12,hexose_hank,1
2026-04-12,nightjar_atlas,1
2026-04-12,peer_reviewed_pat,1
2026-04-12,seraph_index,1
2026-04-13,AnonInvestor_Q,1
2026-04-13,SaltmarshHydro,1
2026-04-13,TrueBeliever_Marguerite,1
2026-04-13,bench_and_bench,1
2026-04-13,dr_marlow_ethics,1
2026-04-13,nightjar_atlas,4
2026-04-13,orchard_row,1
2026-04-13,still_water_77,2
2026-04-13,tare_weight,1
2026-04-14,TrueBeliever_Marguerite,1
2026-04-14,bench_and_bench,1
2026-04-14,downstream_dan,1
2026-04-14,hexose_hank,1
2026-04-14,lyophile_lou,1
2026-04-14,nightjar_atlas,2
2026-04-15,AnonInvestor_Q,2
2026-04-15,BURN_HALCYON_DOWN,2
2026-04-15,TrueBeliever_Marguerite,2
2026-04-15,dr_marlow_ethics,1
2026-04-15,mgmt_fee_moe,1
2026-04-15,nightjar_atlas,1
2026-04-15,nine_basis_pts,1
2026-04-15,tangent_line_,1
2026-04-15,tare_weight,1
2026-04-16,PatriciaK_Trial7,1
2026-04-16,SaltmarshHydro,1
2026-04-16,TrueBeliever_Marguerite,2
2026-04-16,dr_marlow_ethics,1
2026-04-16,nightjar_atlas,1
2026-04-16,orchard_row,1
2026-04-17,former_badge_4471,1
2026-04-17,nightjar_atlas,2
2026-04-17,pipette_pete,1
2026-04-18,AnonInvestor_Q,2
2026-04-18,PatriciaK_Trial7,2
2026-04-18,TrueBeliever_Marguerite,3
2026-04-18,mgmt_fee_moe,1
2026-04-18,nightjar_atlas,1
2026-04-18,quarterly_owl,1
2026-04-18,red_flag_ruth,1
2026-04-18,tare_weight,1
2026-04-19,AnonInvestor_Q,2
2026-04-19,BURN_HALCYON_DOWN,2
2026-04-19,TrueBeliever_Marguerite,7
2026-04-19,bench_and_bench,1
2026-04-19,grant_cycle_gus,1
2026-04-19,half_life_hal,1
2026-04-19,nightjar_atlas,2
2026-04-19,still_water_77,2
2026-04-19,tare_weight,1
2026-04-19,wetlab_wendy,1
2026-04-20,BURN_HALCYON_DOWN,1
2026-04-20,TrueBeliever_Marguerite,2
2026-04-20,abstract_only,1
2026-04-20,no_moat_no_problem,1
2026-04-21,AnonInvestor_Q,1
2026-04-21,BURN_HALCYON_DOWN,1
2026-04-21,PhaseTwoPhil,1
2026-04-21,TrueBeliever_Marguerite,1
2026-04-21,bench_and_bench,1
2026-04-21,hold_to_maturity,1
2026-04-21,lyophile_lou,1
2026-04-21,nightjar_atlas,1
2026-04-22,ClinicalCarla,1
2026-04-22,PatriciaK_Trial7,2
2026-04-22,TrueBeliever_Marguerite,1
2026-04-22,dr_marlow_ethics,1
2026-04-22,former_badge_4471,2
2026-04-22,half_life_hal,1
2026-04-22,pipette_pete,1
2026-04-23,BURN_HALCYON_DOWN,2
2026-04-23,PatriciaK_Trial7,1
2026-04-23,SaltmarshHydro,1
2026-04-23,cold_chain_cathy,1
2026-04-24,AnonInvestor_Q,1
2026-04-24,BURN_HALCYON_DOWN,4
2026-04-24,TrueBeliever_Marguerite,2
2026-04-24,burette_bill,1
2026-04-24,capsid_kate,1
2026-04-24,former_badge_4471,1
2026-04-24,nightjar_atlas,1
2026-04-24,nine_basis_pts,1
2026-04-24,rf_value_only,1
2026-04-25,BURN_HALCYON_DOWN,1
2026-04-25,PatriciaK_Trial7,1
2026-04-25,TrueBeliever_Marguerite,1
2026-04-25,quarterly_owl,1
2026-04-25,tare_weight,1
2026-04-26,PatriciaK_Trial7,1
2026-04-26,dr_marlow_ethics,1
2026-04-26,nightjar_atlas,2
2026-04-26,still_water_77,1
2026-04-27,BURN_HALCYON_DOWN,1
2026-04-27,PatriciaK_Trial7,2
2026-04-27,PhaseTwoPhil,2
2026-04-27,TrueBeliever_Marguerite,2
2026-04-27,dr_marlow_ethics,2
2026-04-27,grant_cycle_gus,2
2026-04-27,mgmt_fee_moe,1
2026-04-27,nightjar_atlas,1
2026-04-27,still_water_77,1
2026-04-28,AnonInvestor_Q,2
2026-04-28,PatriciaK_Trial7,3
2026-04-28,TrueBeliever_Marguerite,1
2026-04-28,footnote_frank,1
2026-04-28,hold_to_maturity,1
2026-04-28,lyophile_lou,1
2026-04-29,AnonInvestor_Q,1
2026-04-29,BURN_HALCYON_DOWN,3
2026-04-29,burette_bill,1
2026-04-29,grant_cycle_gus,1
2026-04-29,nightjar_atlas,1
2026-04-29,nine_basis_pts,1
2026-04-29,quarterly_owl,1
2026-04-29,red_flag_ruth,2
2026-04-30,AnonInvestor_Q,1
2026-04-30,BURN_HALCYON_DOWN,1
2026-04-30,PatriciaK_Trial7,2
2026-04-30,abstract_only,1
2026-04-30,downstream_dan,1
2026-04-30,dr_marlow_ethics,1
2026-04-30,former_badge_4471,1
2026-04-30,red_flag_ruth,1
2026-04-30,rf_value_only,1
2026-05-01,AnonInvestor_Q,2
2026-05-01,BURN_HALCYON_DOWN,1
2026-05-01,PatriciaK_Trial7,1
2026-05-01,PosterFrame_,1
2026-05-01,dr_marlow_ethics,1
2026-05-01,float_adjusted,1
2026-05-01,orchard_row,1
2026-05-01,red_flag_ruth,1
2026-05-01,tare_weight,1
2026-05-02,BURN_HALCYON_DOWN,1
2026-05-02,TrueBeliever_Marguerite,1
2026-05-02,float_adjusted,1
2026-05-02,former_badge_4471,1
2026-05-02,half_life_hal,1
2026-05-02,nightjar_atlas,1
2026-05-02,pipette_pete,1
2026-05-03,AnonInvestor_Q,1
2026-05-03,BURN_HALCYON_DOWN,1
2026-05-03,MinutesOfTheBoard,1
2026-05-03,PatriciaK_Trial7,1
2026-05-03,aliquot_amy,1
2026-05-03,bench_and_bench,1
2026-05-03,former_badge_4471,1
2026-05-03,mgmt_fee_moe,1
2026-05-03,nightjar_atlas,1
2026-05-04,BURN_HALCYON_DOWN,1
2026-05-04,SaltmarshHydro,1
2026-05-04,TrueBeliever_Marguerite,3
2026-05-04,footnote_frank,1
2026-05-05,AnonInvestor_Q,1
2026-05-05,BURN_HALCYON_DOWN,1
2026-05-05,PhaseTwoPhil,1
2026-05-05,PosterFrame_,1
2026-05-05,nightjar_atlas,1
2026-05-06,BURN_HALCYON_DOWN,1
2026-05-06,SaltmarshHydro,1
2026-05-06,cuvette_carl,1
2026-05-06,hexose_hank,1
2026-05-06,lyophile_lou,1
2026-05-06,nightjar_atlas,3
2026-05-06,rf_value_only,1
2026-05-07,AnonInvestor_Q,1
2026-05-07,BURN_HALCYON_DOWN,2
2026-05-07,MinutesOfTheBoard,1
2026-05-07,former_badge_4471,1
2026-05-08,PatriciaK_Trial7,1
2026-05-08,TrueBeliever_Marguerite,1
2026-05-08,nightjar_atlas,1
2026-05-08,pipette_pete,1
2026-05-08,tare_weight,1
2026-05-09,PatriciaK_Trial7,1
2026-05-09,former_badge_4471,1
2026-05-09,nightjar_atlas,1
2026-05-09,still_water_77,1
2026-05-10,AnonInvestor_Q,2
2026-05-10,BURN_HALCYON_DOWN,1
2026-05-10,PatriciaK_Trial7,2
2026-05-10,nightjar_atlas,1
2026-05-10,seraph_index,1
2026-05-11,AnonInvestor_Q,1
2026-05-11,BURN_HALCYON_DOWN,2
2026-05-11,aliquot_amy,1
2026-05-11,half_life_hal,1
2026-05-11,hold_to_maturity,1
2026-05-12,MinutesOfTheBoard,1
2026-05-12,PatriciaK_Trial7,1
2026-05-12,TrueBeliever_Marguerite,2
2026-05-12,float_adjusted,1
2026-05-12,former_badge_4471,1
2026-05-12,red_flag_ruth,1
2026-05-13,PatriciaK_Trial7,3
2026-05-13,TrueBeliever_Marguerite,2
2026-05-13,burette_bill,1
2026-05-13,dr_marlow_ethics,2
2026-05-13,former_badge_4471,1
2026-05-13,nightjar_atlas,1
2026-05-13,nine_basis_pts,1
2026-05-13,red_flag_ruth,1
2026-05-14,AnonInvestor_Q,1
2026-05-14,BURN_HALCYON_DOWN,2
2026-05-14,MinutesOfTheBoard,1
2026-05-14,PatriciaK_Trial7,1
2026-05-14,TrueBeliever_Marguerite,1
2026-05-14,aliquot_amy,1
2026-05-14,footnote_frank,1
2026-05-14,former_badge_4471,1
2026-05-14,pipette_pete,1
2026-05-14,red_flag_ruth,1
2026-05-15,BURN_HALCYON_DOWN,1
2026-05-15,MinutesOfTheBoard,1
2026-05-15,PatriciaK_Trial7,1
2026-05-15,TrueBeliever_Marguerite,1
2026-05-15,capsid_kate,1
2026-05-15,dr_marlow_ethics,1
2026-05-15,former_badge_4471,1
2026-05-15,mgmt_fee_moe,1
2026-05-16,AnonInvestor_Q,1
2026-05-16,PatriciaK_Trial7,2
2026-05-16,hexose_hank,1
2026-05-16,mgmt_fee_moe,1
2026-05-16,nightjar_atlas,2
2026-05-16,peer_reviewed_pat,1
2026-05-16,pipette_pete,1
2026-05-16,red_flag_ruth,1
2026-05-17,BURN_HALCYON_DOWN,2
2026-05-17,TrueBeliever_Marguerite,1
2026-05-17,abstract_only,2
2026-05-17,dr_marlow_ethics,1
2026-05-17,hexose_hank,1
2026-05-17,nightjar_atlas,1
2026-05-18,BURN_HALCYON_DOWN,1
2026-05-18,PatriciaK_Trial7,2
2026-05-18,TrueBeliever_Marguerite,2
2026-05-18,burette_bill,1
2026-05-18,dr_marlow_ethics,3
2026-05-18,peer_reviewed_pat,1
2026-05-19,abstract_only,1
2026-05-19,dr_marlow_ethics,1
2026-05-19,footnote_frank,1
2026-05-19,lyophile_lou,1
2026-05-20,AnonInvestor_Q,1
2026-05-20,BURN_HALCYON_DOWN,3
2026-05-20,PatriciaK_Trial7,1
2026-05-20,hold_to_maturity,1
2026-05-20,lyophile_lou,1
2026-05-20,mgmt_fee_moe,1
2026-05-21,BURN_HALCYON_DOWN,1
2026-05-21,PatriciaK_Trial7,4
2026-05-21,SaltmarshHydro,1
2026-05-21,TrueBeliever_Marguerite,1
2026-05-21,dr_marlow_ethics,1
2026-05-21,float_adjusted,1
2026-05-21,former_badge_4471,2
2026-05-21,nightjar_atlas,1
2026-05-21,pipette_pete,1
2026-05-21,wetlab_wendy,1
2026-05-22,BURN_HALCYON_DOWN,1
2026-05-22,PatriciaK_Trial7,1
2026-05-22,still_water_77,1
2026-05-22,xXVoidwalkerXx,1
2026-05-23,AnonInvestor_Q,1
2026-05-23,BURN_HALCYON_DOWN,1
2026-05-23,PatriciaK_Trial7,3
2026-05-23,TrueBeliever_Marguerite,2
2026-05-23,footnote_frank,1
2026-05-23,nightjar_atlas,1
2026-05-23,still_water_77,1
2026-05-24,AnonInvestor_Q,1
2026-05-24,BURN_HALCYON_DOWN,3
2026-05-24,dr_marlow_ethics,2
2026-05-24,former_badge_4471,1
2026-05-24,nightjar_atlas,2
2026-05-24,orchard_row,1
2026-05-24,red_flag_ruth,1
2026-05-24,rf_value_only,1
2026-05-24,seraph_index,1
2026-05-25,TrueBeliever_Marguerite,2
2026-05-25,burette_bill,1
2026-05-25,nightjar_atlas,3
2026-05-25,still_water_77,1
2026-05-26,BURN_HALCYON_DOWN,2
2026-05-26,ClinicalCarla,1
2026-05-26,dr_marlow_ethics,1
2026-05-26,nightjar_atlas,2
2026-05-26,no_moat_no_problem,1
2026-05-26,xXVoidwalkerXx,1
2026-05-27,BURN_HALCYON_DOWN,2
2026-05-27,PatriciaK_Trial7,1
2026-05-27,TrueBeliever_Marguerite,2
2026-05-27,bench_and_bench,1
2026-05-27,dr_marlow_ethics,1
2026-05-27,former_badge_4471,1
2026-05-27,nightjar_atlas,1
2026-05-27,wetlab_wendy,1
2026-05-28,BURN_HALCYON_DOWN,1
2026-05-28,PatriciaK_Trial7,1
2026-05-28,dr_marlow_ethics,1
2026-05-28,half_life_hal,1
2026-05-28,nightjar_atlas,1
2026-05-28,red_flag_ruth,1
2026-05-28,rf_value_only,1
2026-05-28,xXVoidwalkerXx,1
2026-05-29,BURN_HALCYON_DOWN,1
2026-05-29,PatriciaK_Trial7,1
2026-05-29,TrueBeliever_Marguerite,2
2026-05-29,dr_marlow_ethics,1
2026-05-29,footnote_frank,1
2026-05-29,nightjar_atlas,1
2026-05-29,tangent_line_,1
2026-05-30,AnonInvestor_Q,2
2026-05-30,BURN_HALCYON_DOWN,2
2026-05-30,TrueBeliever_Marguerite,2
2026-05-30,aliquot_amy,1
2026-05-30,dr_marlow_ethics,1
2026-05-30,former_badge_4471,1
2026-05-30,hold_to_maturity,1
2026-05-30,nightjar_atlas,1
2026-05-31,AnonInvestor_Q,2
2026-05-31,PatriciaK_Trial7,4
2026-05-31,SaltmarshHydro,1
2026-05-31,TrueBeliever_Marguerite,1
2026-05-31,former_badge_4471,1
2026-05-31,pipette_pete,1
2026-05-31,still_water_77,3
2026-06-01,BURN_HALCYON_DOWN,1
2026-06-01,MinutesOfTheBoard,1
2026-06-01,PatriciaK_Trial7,1
2026-06-01,TrueBeliever_Marguerite,1
2026-06-01,float_adjusted,2
2026-06-01,footnote_frank,1
2026-06-01,former_badge_4471,3
2026-06-01,red_flag_ruth,1
2026-06-02,PatriciaK_Trial7,2
2026-06-02,dr_marlow_ethics,2
2026-06-02,half_life_hal,1
2026-06-02,nightjar_atlas,1
2026-06-02,still_water_77,1
2026-06-02,tare_weight,1
2026-06-03,BURN_HALCYON_DOWN,2
2026-06-03,PatriciaK_Trial7,3
2026-06-03,nightjar_atlas,1
2026-06-03,peer_reviewed_pat,1
2026-06-03,the_long_bid,1
2026-06-04,PatriciaK_Trial7,1
2026-06-04,PosterFrame_,1
2026-06-04,TrueBeliever_Marguerite,1
2026-06-04,abstract_only,1
2026-06-04,capsid_kate,1
2026-06-04,cuvette_carl,1
2026-06-04,downstream_dan,1
2026-06-04,dr_marlow_ethics,2
2026-06-04,xXVoidwalkerXx,1
2026-06-05,AnonInvestor_Q,1
2026-06-05,MinutesOfTheBoard,1
2026-06-05,TrueBeliever_Marguerite,2
2026-06-05,half_life_hal,1
2026-06-05,mgmt_fee_moe,1
2026-06-05,nightjar_atlas,1
2026-06-05,no_moat_no_problem,1
2026-06-05,orchard_row,1
2026-06-05,quarterly_owl,1
2026-06-05,vellum_and_ink,1
2026-06-06,AnonInvestor_Q,1
2026-06-06,ClinicalCarla,1
2026-06-06,TrueBeliever_Marguerite,2
2026-06-06,grant_cycle_gus,1
2026-06-06,red_flag_ruth,1
2026-06-07,TrueBeliever_Marguerite,1
2026-06-07,abstract_only,1
2026-06-07,aliquot_amy,1
2026-06-07,former_badge_4471,1
2026-06-07,tangent_line_,1
2026-06-08,BURN_HALCYON_DOWN,2
2026-06-08,PatriciaK_Trial7,1
2026-06-08,PosterFrame_,1
2026-06-08,TrueBeliever_Marguerite,3
2026-06-08,cuvette_carl,1
2026-06-08,nightjar_atlas,1
2026-06-08,xXVoidwalkerXx,1
2026-06-09,BURN_HALCYON_DOWN,1
2026-06-09,PatriciaK_Trial7,2
2026-06-09,PhaseTwoPhil,1
2026-06-09,TrueBeliever_Marguerite,2
2026-06-09,aliquot_amy,1
2026-06-09,assay_annie,1
2026-06-09,dr_marlow_ethics,1
2026-06-09,nightjar_atlas,1
2026-06-09,wetlab_wendy,1
2026-06-09,xXVoidwalkerXx,1
2026-06-10,AnonInvestor_Q,1
2026-06-10,BURN_HALCYON_DOWN,1
2026-06-10,MinutesOfTheBoard,1
2026-06-10,PatriciaK_Trial7,3
2026-06-10,TrueBeliever_Marguerite,1
2026-06-10,dr_marlow_ethics,2
2026-06-10,former_badge_4471,1
2026-06-10,half_life_hal,1
2026-06-11,BURN_HALCYON_DOWN,2
2026-06-11,PatriciaK_Trial7,2
2026-06-11,SaltmarshHydro,1
2026-06-11,xXVoidwalkerXx,1
2026-06-12,AnonInvestor_Q,2
2026-06-12,BURN_HALCYON_DOWN,1
2026-06-12,MinutesOfTheBoard,1
2026-06-12,PatriciaK_Trial7,1
2026-06-12,TrueBeliever_Marguerite,1
2026-06-12,burette_bill,1
2026-06-12,dr_marlow_ethics,1
2026-06-12,orchard_row,1
2026-06-13,AnonInvestor_Q,1
2026-06-13,BURN_HALCYON_DOWN,1
2026-06-13,PatriciaK_Trial7,1
2026-06-13,TrueBeliever_Marguerite,1
2026-06-13,dr_marlow_ethics,1
2026-06-13,footnote_frank,1
2026-06-13,nightjar_atlas,3
2026-06-13,pipette_pete,2
2026-06-13,still_water_77,1
2026-06-13,xXVoidwalkerXx,1
2026-06-14,AnonInvestor_Q,1
2026-06-14,BURN_HALCYON_DOWN,2
2026-06-14,PatriciaK_Trial7,3
2026-06-14,PosterFrame_,1
2026-06-14,TrueBeliever_Marguerite,1
2026-06-14,dr_marlow_ethics,2
2026-06-14,nightjar_atlas,2
2026-06-14,no_moat_no_problem,1
2026-06-14,pipette_pete,1
2026-06-15,AnonInvestor_Q,2
2026-06-15,ClinicalCarla,1
2026-06-15,PatriciaK_Trial7,3
2026-06-15,TrueBeliever_Marguerite,3
2026-06-15,assay_annie,1
2026-06-15,bench_and_bench,1
2026-06-15,capsid_kate,1
2026-06-15,grant_cycle_gus,1
2026-06-15,still_water_77,2
2026-06-15,xXVoidwalkerXx,1
2026-06-16,TrueBeliever_Marguerite,2
2026-06-16,footnote_frank,1
2026-06-16,former_badge_4471,1
2026-06-17,ClinicalCarla,1
2026-06-17,PatriciaK_Trial7,2
2026-06-17,TrueBeliever_Marguerite,2
2026-06-17,bench_and_bench,1
2026-06-17,no_moat_no_problem,1
2026-06-18,AnonInvestor_Q,2
2026-06-18,ClinicalCarla,1
2026-06-18,MinutesOfTheBoard,1
2026-06-18,PatriciaK_Trial7,1
2026-06-18,TrueBeliever_Marguerite,1
2026-06-18,dr_marlow_ethics,1
2026-06-18,former_badge_4471,1
2026-06-18,half_life_hal,1
2026-06-18,hold_to_maturity,1
2026-06-18,nightjar_atlas,1
2026-06-18,seraph_index,1
2026-06-18,xXVoidwalkerXx,3
2026-06-19,AnonInvestor_Q,1
2026-06-19,BURN_HALCYON_DOWN,1
2026-06-19,TrueBeliever_Marguerite,2
2026-06-19,cuvette_carl,1
2026-06-19,hold_to_maturity,1
2026-06-19,lyophile_lou,1
2026-06-19,nightjar_atlas,2
2026-06-19,no_moat_no_problem,1
2026-06-20,BURN_HALCYON_DOWN,1
2026-06-20,PatriciaK_Trial7,1
2026-06-20,TrueBeliever_Marguerite,1
2026-06-20,bench_and_bench,1
2026-06-20,burette_bill,1
2026-06-20,dr_marlow_ethics,2
2026-06-20,no_moat_no_problem,1
2026-06-20,red_flag_ruth,1
2026-06-20,tare_weight,1
2026-06-21,PatriciaK_Trial7,1
2026-06-21,TrueBeliever_Marguerite,1
2026-06-21,assay_annie,1
2026-06-21,former_badge_4471,1
2026-06-21,tangent_line_,1
2026-06-21,tare_weight,1
2026-06-22,AnonInvestor_Q,2
2026-06-22,BURN_HALCYON_DOWN,2
2026-06-22,ClinicalCarla,1
2026-06-22,PatriciaK_Trial7,2
2026-06-22,TrueBeliever_Marguerite,3
2026-06-22,dr_marlow_ethics,1
2026-06-22,xXVoidwalkerXx,1
2026-06-23,AnonInvestor_Q,1
2026-06-23,BURN_HALCYON_DOWN,1
2026-06-23,PatriciaK_Trial7,1
2026-06-23,PosterFrame_,2
2026-06-23,TrueBeliever_Marguerite,4
2026-06-23,no_moat_no_problem,1
2026-06-23,still_water_77,1
2026-06-24,AnonInvestor_Q,3
2026-06-24,BURN_HALCYON_DOWN,1
2026-06-24,PatriciaK_Trial7,1
2026-06-24,SaltmarshHydro,1
2026-06-24,dr_marlow_ethics,1
2026-06-24,mgmt_fee_moe,1
2026-06-24,nightjar_atlas,1
2026-06-24,no_moat_no_problem,1
2026-06-24,xXVoidwalkerXx,1
2026-06-25,AnonInvestor_Q,1
2026-06-25,BURN_HALCYON_DOWN,2
2026-06-25,PatriciaK_Trial7,2
2026-06-25,TrueBeliever_Marguerite,2
2026-06-25,dr_marlow_ethics,1
2026-06-25,nightjar_atlas,2
2026-06-26,AnonInvestor_Q,1
2026-06-26,PatriciaK_Trial7,2
2026-06-26,TrueBeliever_Marguerite,1
2026-06-26,nightjar_atlas,2
2026-06-26,nine_basis_pts,1
2026-06-26,xXVoidwalkerXx,1
2026-06-27,AnonInvestor_Q,1
2026-06-27,PatriciaK_Trial7,2
2026-06-27,abstract_only,1
2026-06-27,burette_bill,1
2026-06-27,downstream_dan,1
2026-06-27,dr_marlow_ethics,2
2026-06-27,former_badge_4471,2
2026-06-27,nightjar_atlas,1
2026-06-28,BURN_HALCYON_DOWN,1
2026-06-28,PatriciaK_Trial7,1
2026-06-28,TrueBeliever_Marguerite,1
2026-06-28,dr_marlow_ethics,1
2026-06-28,hexose_hank,1
2026-06-28,mgmt_fee_moe,2
2026-06-28,nine_basis_pts,1
2026-06-28,red_flag_ruth,1
2026-06-28,wetlab_wendy,1
2026-06-29,TrueBeliever_Marguerite,1
2026-06-29,burette_bill,1
2026-06-29,nightjar_atlas,2
2026-06-29,quarterly_owl,1
2026-06-29,xXVoidwalkerXx,1
2026-06-30,AnonInvestor_Q,1
2026-06-30,PatriciaK_Trial7,2
2026-06-30,TrueBeliever_Marguerite,1
2026-06-30,float_adjusted,1
2026-06-30,footnote_frank,1
2026-06-30,no_moat_no_problem,1
2026-06-30,quarterly_owl,1
2026-06-30,xXVoidwalkerXx,4
2026-07-01,PatriciaK_Trial7,1
2026-07-01,TrueBeliever_Marguerite,1
2026-07-01,dr_marlow_ethics,1
2026-07-01,nightjar_atlas,1
2026-07-01,xXVoidwalkerXx,3
2026-07-02,AnonInvestor_Q,1
2026-07-02,BURN_HALCYON_DOWN,1
2026-07-02,TrueBeliever_Marguerite,1
2026-07-02,former_badge_4471,1
2026-07-02,mgmt_fee_moe,1
2026-07-03,AnonInvestor_Q,5
2026-07-03,BURN_HALCYON_DOWN,1
2026-07-03,ClinicalCarla,1
2026-07-03,PatriciaK_Trial7,1
2026-07-03,TrueBeliever_Marguerite,3
2026-07-03,dr_marlow_ethics,1
2026-07-03,former_badge_4471,1
2026-07-03,hold_to_maturity,1
2026-07-04,BURN_HALCYON_DOWN,1
2026-07-04,PatriciaK_Trial7,1
2026-07-04,assay_annie,1
2026-07-04,float_adjusted,1
2026-07-04,pipette_pete,1
2026-07-05,MinutesOfTheBoard,1
2026-07-05,PatriciaK_Trial7,2
2026-07-05,TrueBeliever_Marguerite,1
2026-07-05,xXVoidwalkerXx,3
2026-07-06,AnonInvestor_Q,2
2026-07-06,PatriciaK_Trial7,3
2026-07-06,PosterFrame_,1
2026-07-06,TrueBeliever_Marguerite,2
2026-07-06,seraph_index,1
2026-07-06,tangent_line_,1
2026-07-07,AnonInvestor_Q,1
2026-07-07,BURN_HALCYON_DOWN,2
2026-07-07,TrueBeliever_Marguerite,1
2026-07-07,downstream_dan,1
2026-07-07,dr_marlow_ethics,1
2026-07-07,nightjar_atlas,2
2026-07-07,red_flag_ruth,1
2026-07-07,still_water_77,1
2026-07-08,AnonInvestor_Q,2
2026-07-08,BURN_HALCYON_DOWN,1
2026-07-08,PatriciaK_Trial7,1
2026-07-08,TrueBeliever_Marguerite,2
2026-07-08,assay_annie,1
2026-07-08,cuvette_carl,1
2026-07-08,xXVoidwalkerXx,1
2026-07-09,PatriciaK_Trial7,1
2026-07-09,TrueBeliever_Marguerite,1
2026-07-09,dr_marlow_ethics,1
2026-07-09,former_badge_4471,1
2026-07-09,hold_to_maturity,1
2026-07-09,xXVoidwalkerXx,2
2026-07-10,MinutesOfTheBoard,1
2026-07-10,PatriciaK_Trial7,1
2026-07-10,TrueBeliever_Marguerite,3
2026-07-10,assay_annie,1
2026-07-10,hold_to_maturity,1
2026-07-10,mgmt_fee_moe,1
2026-07-10,quarterly_owl,1
2026-07-10,rf_value_only,1
2026-07-10,still_water_77,1
2026-07-10,xXVoidwalkerXx,2
2026-07-11,AnonInvestor_Q,1
2026-07-11,BURN_HALCYON_DOWN,1
2026-07-11,TrueBeliever_Marguerite,1
2026-07-11,capsid_kate,1
2026-07-11,dr_marlow_ethics,1
2026-07-11,nightjar_atlas,1
2026-07-11,nine_basis_pts,1
2026-07-11,xXVoidwalkerXx,1
2026-07-12,BURN_HALCYON_DOWN,1
2026-07-12,PatriciaK_Trial7,1
2026-07-12,TrueBeliever_Marguerite,2
2026-07-12,bench_and_bench,1
2026-07-12,half_life_hal,1
2026-07-12,hold_to_maturity,1
2026-07-12,nightjar_atlas,1
2026-07-12,red_flag_ruth,1
2026-07-12,xXVoidwalkerXx,1
2026-07-13,AnonInvestor_Q,3
2026-07-13,BURN_HALCYON_DOWN,2
2026-07-13,PatriciaK_Trial7,1
2026-07-13,burette_bill,1
2026-07-13,footnote_frank,1
2026-07-13,hexose_hank,1
2026-07-13,nightjar_atlas,1
2026-07-13,nine_basis_pts,1
2026-07-13,xXVoidwalkerXx,1
2026-07-14,BURN_HALCYON_DOWN,2
2026-07-14,PatriciaK_Trial7,3
2026-07-14,TrueBeliever_Marguerite,2
2026-07-14,dr_marlow_ethics,1
2026-07-14,nightjar_atlas,1
2026-07-14,orchard_row,1
2026-07-14,rf_value_only,1
2026-07-14,still_water_77,1
2026-07-14,vellum_and_ink,1
2026-07-15,AnonInvestor_Q,2
2026-07-15,MinutesOfTheBoard,1
2026-07-15,PosterFrame_,1
2026-07-15,dr_marlow_ethics,1
2026-07-15,mgmt_fee_moe,1
2026-07-15,nightjar_atlas,1
2026-07-15,no_moat_no_problem,1
2026-07-15,rf_value_only,1
2026-07-15,still_water_77,1
2026-07-16,AnonInvestor_Q,1
2026-07-16,BURN_HALCYON_DOWN,2
2026-07-16,PatriciaK_Trial7,3
2026-07-16,TrueBeliever_Marguerite,1
2026-07-16,dr_marlow_ethics,1
2026-07-16,footnote_frank,1
2026-07-16,former_badge_4471,2
2026-07-16,hold_to_maturity,2
2026-07-16,nightjar_atlas,1
2026-07-16,still_water_77,1
2026-07-17,BURN_HALCYON_DOWN,2
2026-07-17,MinutesOfTheBoard,1
2026-07-17,PatriciaK_Trial7,2
2026-07-17,bench_and_bench,1
2026-07-17,no_moat_no_problem,1
2026-07-17,quarterly_owl,1
2026-07-18,AnonInvestor_Q,1
2026-07-18,ClinicalCarla,1
2026-07-18,PhaseTwoPhil,1
2026-07-18,TrueBeliever_Marguerite,3
2026-07-18,aliquot_amy,1
2026-07-18,grant_cycle_gus,1
2026-07-19,BURN_HALCYON_DOWN,1
2026-07-19,assay_annie,1
2026-07-19,bench_and_bench,1
2026-07-19,cold_chain_cathy,1
2026-07-19,dr_marlow_ethics,2
2026-07-19,nightjar_atlas,3
2026-07-19,no_moat_no_problem,1
2026-07-19,tare_weight,2
2026-07-19,xXVoidwalkerXx,1
2026-07-20,AnonInvestor_Q,3
2026-07-20,BURN_HALCYON_DOWN,1
2026-07-20,cold_chain_cathy,1
2026-07-20,dr_marlow_ethics,1
2026-07-20,footnote_frank,1
2026-07-20,hold_to_maturity,1
2026-07-20,nightjar_atlas,5
2026-07-20,nine_basis_pts,1
2026-07-20,orchard_row,1
2026-07-21,AnonInvestor_Q,1
2026-07-21,BURN_HALCYON_DOWN,1
2026-07-21,TrueBeliever_Marguerite,1
2026-07-21,aliquot_amy,1
2026-07-21,former_badge_4471,1
2026-07-21,half_life_hal,1
2026-07-21,quarterly_owl,1
2026-07-21,seraph_index,1
2026-07-21,still_water_77,1
2026-07-21,the_long_bid,2
2026-07-21,xXVoidwalkerXx,1
2026-07-22,AnonInvestor_Q,1
2026-07-22,BURN_HALCYON_DOWN,1
2026-07-22,former_badge_4471,2
2026-07-22,hold_to_maturity,1
2026-07-22,no_moat_no_problem,1
2026-07-22,tare_weight,1
2026-07-22,wetlab_wendy,1
2026-07-23,AnonInvestor_Q,1
2026-07-23,PatriciaK_Trial7,1
2026-07-23,TrueBeliever_Marguerite,5
2026-07-23,dr_marlow_ethics,1
2026-07-23,nightjar_atlas,1
2026-07-23,rf_value_only,1
2026-07-24,AnonInvestor_Q,1
2026-07-24,BURN_HALCYON_DOWN,2
2026-07-24,PatriciaK_Trial7,3
2026-07-24,TrueBeliever_Marguerite,1
2026-07-24,burette_bill,1
2026-07-24,cuvette_carl,1
2026-07-24,mgmt_fee_moe,1
2026-07-24,nightjar_atlas,2
2026-07-24,nine_basis_pts,1
2026-07-24,vellum_and_ink,1
2026-07-25,BURN_HALCYON_DOWN,1
2026-07-25,TrueBeliever_Marguerite,1
2026-07-25,burette_bill,1
2026-07-25,float_adjusted,1
2026-07-25,hold_to_maturity,2
2026-07-25,nightjar_atlas,1
2026-07-25,the_long_bid,1
2026-07-25,xXVoidwalkerXx,2
2026-07-26,AnonInvestor_Q,1
2026-07-26,BURN_HALCYON_DOWN,1
2026-07-26,TrueBeliever_Marguerite,1
2026-07-26,aliquot_amy,1
2026-07-26,dr_marlow_ethics,1
2026-07-26,former_badge_4471,1
2026-07-26,nine_basis_pts,1
2026-07-26,no_moat_no_problem,1
2026-07-27,AnonInvestor_Q,1
2026-07-27,BURN_HALCYON_DOWN,3
2026-07-27,PatriciaK_Trial7,4
2026-07-27,dr_marlow_ethics,1
2026-07-27,tangent_line_,1
2026-07-27,xXVoidwalkerXx,1
2026-07-28,AnonInvestor_Q,2
2026-07-28,BURN_HALCYON_DOWN,1
2026-07-28,PosterFrame_,1
2026-07-28,TrueBeliever_Marguerite,2
2026-07-28,dr_marlow_ethics,1
2026-07-28,nightjar_atlas,1
2026-07-28,orchard_row,1
2026-07-28,peer_reviewed_pat,1
2026-07-29,AnonInvestor_Q,1
2026-07-29,ClinicalCarla,1
2026-07-29,PatriciaK_Trial7,2
2026-07-29,TrueBeliever_Marguerite,1
2026-07-29,aliquot_amy,1
2026-07-29,assay_annie,1
2026-07-29,bench_and_bench,1
2026-07-29,cuvette_carl,1
2026-07-29,dr_marlow_ethics,1
2026-07-29,float_adjusted,1
2026-07-29,hold_to_maturity,1
2026-07-29,lyophile_lou,1
2026-07-29,nightjar_atlas,1
2026-07-30,BURN_HALCYON_DOWN,3
2026-07-30,MinutesOfTheBoard,1
2026-07-30,TrueBeliever_Marguerite,3
2026-07-30,assay_annie,1
2026-07-30,float_adjusted,1
2026-07-30,former_badge_4471,1
2026-07-30,orchard_row,2
2026-07-30,xXVoidwalkerXx,2
2026-07-31,AnonInvestor_Q,2
2026-07-31,BURN_HALCYON_DOWN,1
2026-07-31,PatriciaK_Trial7,3
2026-07-31,grant_cycle_gus,1
2026-07-31,quarterly_owl,2
2026-07-31,xXVoidwalkerXx,1
2026-08-01,AnonInvestor_Q,1
2026-08-01,PatriciaK_Trial7,2
2026-08-01,cuvette_carl,1
2026-08-01,dr_marlow_ethics,1
2026-08-01,grant_cycle_gus,1
2026-08-01,hold_to_maturity,1
2026-08-01,lyophile_lou,1
2026-08-01,nightjar_atlas,1
2026-08-02,MinutesOfTheBoard,1
2026-08-02,PatriciaK_Trial7,3
2026-08-02,TrueBeliever_Marguerite,3
2026-08-02,aliquot_amy,1
2026-08-02,former_badge_4471,2
2026-08-02,lyophile_lou,1
2026-08-02,vellum_and_ink,1
2026-08-03,AnonInvestor_Q,1
2026-08-03,BURN_HALCYON_DOWN,2
2026-08-03,PatriciaK_Trial7,1
2026-08-03,dr_marlow_ethics,2
2026-08-03,float_adjusted,1
2026-08-03,footnote_frank,1
2026-08-03,former_badge_4471,1
2026-08-03,grant_cycle_gus,1
2026-08-03,peer_reviewed_pat,1
2026-08-04,TrueBeliever_Marguerite,2
2026-08-04,cuvette_carl,1
2026-08-04,half_life_hal,1
2026-08-04,mgmt_fee_moe,1
2026-08-04,quarterly_owl,1
2026-08-04,tare_weight,1
2026-08-04,xXVoidwalkerXx,1
2026-08-05,AnonInvestor_Q,2
2026-08-05,BURN_HALCYON_DOWN,2
2026-08-05,ClinicalCarla,1
2026-08-05,PatriciaK_Trial7,1
2026-08-05,TrueBeliever_Marguerite,4
2026-08-05,bench_and_bench,1
2026-08-05,burette_bill,1
2026-08-05,former_badge_4471,1
2026-08-05,nightjar_atlas,2
2026-08-05,vellum_and_ink,1
2026-08-06,AnonInvestor_Q,2
2026-08-06,BURN_HALCYON_DOWN,3
2026-08-06,PhaseTwoPhil,1
2026-08-06,TrueBeliever_Marguerite,1
2026-08-06,cuvette_carl,1
2026-08-06,former_badge_4471,1
2026-08-06,half_life_hal,1
2026-08-06,nightjar_atlas,1
2026-08-06,xXVoidwalkerXx,2
2026-08-07,BURN_HALCYON_DOWN,1
2026-08-07,cuvette_carl,1
2026-08-07,dr_marlow_ethics,3
2026-08-07,former_badge_4471,2
2026-08-07,hexose_hank,2
2026-08-07,nightjar_atlas,2
2026-08-07,xXVoidwalkerXx,1
2026-08-08,BURN_HALCYON_DOWN,1
2026-08-08,PatriciaK_Trial7,1
2026-08-08,PhaseTwoPhil,1
2026-08-08,dr_marlow_ethics,1
2026-08-08,lyophile_lou,1
2026-08-08,nightjar_atlas,1
2026-08-08,xXVoidwalkerXx,1
2026-08-09,AnonInvestor_Q,2
2026-08-09,BURN_HALCYON_DOWN,1
2026-08-09,PatriciaK_Trial7,1
2026-08-09,TrueBeliever_Marguerite,1
2026-08-09,dr_marlow_ethics,1
2026-08-09,float_adjusted,1
2026-08-09,nightjar_atlas,1
2026-08-09,xXVoidwalkerXx,1
2026-08-10,BURN_HALCYON_DOWN,1
2026-08-10,PatriciaK_Trial7,2
2026-08-10,TrueBeliever_Marguerite,1
2026-08-10,abstract_only,1
2026-08-10,footnote_frank,1
2026-08-10,red_flag_ruth,1
2026-08-10,xXVoidwalkerXx,2
2026-08-11,AnonInvestor_Q,2
2026-08-11,BURN_HALCYON_DOWN,1
2026-08-11,TrueBeliever_Marguerite,1
2026-08-11,former_badge_4471,1
2026-08-11,lyophile_lou,1
2026-08-11,nightjar_atlas,1
2026-08-11,orchard_row,1
2026-08-12,AnonInvestor_Q,1
2026-08-12,PatriciaK_Trial7,2
2026-08-12,TrueBeliever_Marguerite,2
2026-08-12,abstract_only,2
2026-08-12,former_badge_4471,1
2026-08-12,nightjar_atlas,1
2026-08-12,xXVoidwalkerXx,2
2026-08-13,AnonInvestor_Q,1
2026-08-13,BURN_HALCYON_DOWN,1
2026-08-13,xXVoidwalkerXx,2
2026-08-14,BURN_HALCYON_DOWN,2
2026-08-14,ClinicalCarla,1
2026-08-14,PatriciaK_Trial7,1
2026-08-14,PhaseTwoPhil,1
2026-08-14,TrueBeliever_Marguerite,1
2026-08-14,bench_and_bench,1
2026-08-14,footnote_frank,1
2026-08-14,mgmt_fee_moe,1
2026-08-14,nightjar_atlas,3
2026-08-14,xXVoidwalkerXx,2
2026-08-15,BURN_HALCYON_DOWN,1
2026-08-15,ClinicalCarla,1
2026-08-15,PatriciaK_Trial7,3
2026-08-16,AnonInvestor_Q,1
2026-08-16,BURN_HALCYON_DOWN,1
2026-08-16,PatriciaK_Trial7,3
2026-08-16,PhaseTwoPhil,1
2026-08-16,TrueBeliever_Marguerite,1
2026-08-16,former_badge_4471,2
2026-08-16,pipette_pete,1
2026-08-16,xXVoidwalkerXx,1
2026-08-17,AnonInvestor_Q,1
2026-08-17,BURN_HALCYON_DOWN,1
2026-08-17,ClinicalCarla,1
2026-08-17,PatriciaK_Trial7,3
2026-08-17,TrueBeliever_Marguerite,1
2026-08-17,capsid_kate,1
2026-08-17,cold_chain_cathy,1
2026-08-17,dr_marlow_ethics,1
2026-08-17,hold_to_maturity,1
2026-08-17,xXVoidwalkerXx,1
2026-08-18,PatriciaK_Trial7,2
2026-08-18,TrueBeliever_Marguerite,1
2026-08-18,assay_annie,1
2026-08-18,xXVoidwalkerXx,2
2026-08-19,AnonInvestor_Q,1
2026-08-19,BURN_HALCYON_DOWN,3
2026-08-19,MinutesOfTheBoard,1
2026-08-19,PatriciaK_Trial7,1
2026-08-19,float_adjusted,2
2026-08-19,hexose_hank,1
2026-08-19,mgmt_fee_moe,1
2026-08-19,no_moat_no_problem,2
2026-08-19,red_flag_ruth,1
2026-08-20,BURN_HALCYON_DOWN,4
2026-08-20,quarterly_owl,1
2026-08-20,tangent_line_,1
2026-08-20,xXVoidwalkerXx,1
2026-08-21,AnonInvestor_Q,1
2026-08-21,BURN_HALCYON_DOWN,3
2026-08-21,PatriciaK_Trial7,1
2026-08-21,TrueBeliever_Marguerite,1
2026-08-21,dr_marlow_ethics,1
2026-08-21,former_badge_4471,1
2026-08-21,xXVoidwalkerXx,1
2026-08-22,MinutesOfTheBoard,1
2026-08-22,TrueBeliever_Marguerite,2
2026-08-22,aliquot_amy,1
2026-08-22,hexose_hank,1
2026-08-22,xXVoidwalkerXx,1
2026-08-23,PatriciaK_Trial7,2
2026-08-23,cold_chain_cathy,1
2026-08-23,nightjar_atlas,2
2026-08-23,vellum_and_ink,1
2026-08-23,xXVoidwalkerXx,2
2026-08-24,BURN_HALCYON_DOWN,1
2026-08-24,HALCYONLEAKS,2
2026-08-24,PatriciaK_Trial7,2
2026-08-24,PosterFrame_,1
2026-08-24,cuvette_carl,1
2026-08-24,dr_marlow_ethics,1
2026-08-24,grant_cycle_gus,1
2026-08-24,mgmt_fee_moe,1
2026-08-24,nightjar_atlas,1
2026-08-24,xXVoidwalkerXx,1
2026-08-25,AnonInvestor_Q,1
2026-08-25,PatriciaK_Trial7,1
2026-08-25,TrueBeliever_Marguerite,1
2026-08-25,capsid_kate,1
2026-08-25,cuvette_carl,1
2026-08-25,dr_marlow_ethics,2
2026-08-25,hexose_hank,1
2026-08-25,the_long_bid,1
2026-08-25,xXVoidwalkerXx,2
2026-08-26,BURN_HALCYON_DOWN,2
2026-08-26,TrueBeliever_Marguerite,4
2026-08-26,dr_marlow_ethics,1
2026-08-27,AnonInvestor_Q,1
2026-08-27,HALCYONLEAKS,4
2026-08-27,TrueBeliever_Marguerite,2
2026-08-27,aliquot_amy,1
2026-08-27,float_adjusted,1
2026-08-27,footnote_frank,1
2026-08-27,former_badge_4471,1
2026-08-27,xXVoidwalkerXx,2
2026-08-28,BURN_HALCYON_DOWN,1
2026-08-28,HALCYONLEAKS,3
2026-08-28,PatriciaK_Trial7,2
2026-08-28,aliquot_amy,1
2026-08-28,former_badge_4471,1
2026-08-28,nightjar_atlas,1
2026-08-28,quarterly_owl,1
2026-08-28,rf_value_only,1
2026-08-28,tare_weight,2
2026-08-29,HALCYONLEAKS,3
2026-08-29,TrueBeliever_Marguerite,1
2026-08-29,former_badge_4471,1
2026-08-29,lyophile_lou,1
2026-08-29,nightjar_atlas,1
2026-08-30,BURN_HALCYON_DOWN,2
2026-08-30,HALCYONLEAKS,3
2026-08-30,MinutesOfTheBoard,1
2026-08-30,TrueBeliever_Marguerite,3
2026-08-30,burette_bill,1
2026-08-30,former_badge_4471,1
2026-08-30,mgmt_fee_moe,1
2026-08-30,nightjar_atlas,1
2026-08-30,no_moat_no_problem,1
2026-08-30,red_flag_ruth,1
2026-08-30,xXVoidwalkerXx,1
2026-08-31,AnonInvestor_Q,1
2026-08-31,BURN_HALCYON_DOWN,1
2026-08-31,HALCYONLEAKS,4
2026-08-31,TrueBeliever_Marguerite,2
2026-08-31,rf_value_only,1
2026-08-31,tare_weight,1
2026-08-31,wetlab_wendy,1
2026-09-01,AnonInvestor_Q,3
2026-09-01,BURN_HALCYON_DOWN,1
2026-09-01,HALCYONLEAKS,5
2026-09-01,MinutesOfTheBoard,1
2026-09-01,PatriciaK_Trial7,2
2026-09-01,TrueBeliever_Marguerite,1
2026-09-01,footnote_frank,1
2026-09-01,nightjar_atlas,2
2026-09-01,wetlab_wendy,1
2026-09-01,xXVoidwalkerXx,2
2026-09-02,BURN_HALCYON_DOWN,3
2026-09-02,HALCYONLEAKS,11
2026-09-02,tangent_line_,1
2026-09-02,xXVoidwalkerXx,2
2026-09-03,HALCYONLEAKS,5
2026-09-03,PatriciaK_Trial7,1
2026-09-03,TrueBeliever_Marguerite,1
2026-09-03,nightjar_atlas,2
2026-09-03,orchard_row,1
2026-09-04,BURN_HALCYON_DOWN,1
2026-09-04,HALCYONLEAKS,9
2026-09-04,PatriciaK_Trial7,1
2026-09-04,TrueBeliever_Marguerite,3
2026-09-04,nightjar_atlas,1
2026-09-05,BURN_HALCYON_DOWN,1
2026-09-05,HALCYONLEAKS,5
2026-09-05,TrueBeliever_Marguerite,1
2026-09-05,mgmt_fee_moe,1
2026-09-05,nightjar_atlas,1
2026-09-05,quarterly_owl,1
2026-09-05,xXVoidwalkerXx,4
2026-09-06,HALCYONLEAKS,8
2026-09-06,PatriciaK_Trial7,1
2026-09-06,TrueBeliever_Marguerite,2
2026-09-06,cold_chain_cathy,1
2026-09-06,former_badge_4471,1
2026-09-06,grant_cycle_gus,1
2026-09-06,hexose_hank,1
2026-09-06,hold_to_maturity,1
2026-09-06,xXVoidwalkerXx,1
2026-09-07,AnonInvestor_Q,1
2026-09-07,HALCYONLEAKS,13
2026-09-07,TrueBeliever_Marguerite,1
2026-09-07,nightjar_atlas,1
2026-09-07,tangent_line_,1
2026-09-07,vellum_and_ink,1
2026-09-07,xXVoidwalkerXx,1
2026-09-08,AnonInvestor_Q,1
2026-09-08,BURN_HALCYON_DOWN,1
2026-09-08,HALCYONLEAKS,7
2026-09-08,PhaseTwoPhil,1
2026-09-08,TrueBeliever_Marguerite,1
2026-09-08,abstract_only,1
2026-09-08,dr_marlow_ethics,1
2026-09-08,float_adjusted,1
2026-09-08,half_life_hal,1
2026-09-08,mgmt_fee_moe,1
2026-09-08,nightjar_atlas,2
2026-09-08,nine_basis_pts,1
2026-09-09,HALCYONLEAKS,8
2026-09-09,PatriciaK_Trial7,1
2026-09-09,TrueBeliever_Marguerite,2
2026-09-09,burette_bill,1
2026-09-09,dr_marlow_ethics,1
2026-09-09,float_adjusted,1
2026-09-09,former_badge_4471,1
2026-09-09,grant_cycle_gus,1
2026-09-09,no_moat_no_problem,1
2026-09-09,quarterly_owl,1
2026-09-09,the_long_bid,1
2026-09-09,xXVoidwalkerXx,1
2026-09-10,BURN_HALCYON_DOWN,1
2026-09-10,HALCYONLEAKS,8
2026-09-10,PatriciaK_Trial7,2
2026-09-10,TrueBeliever_Marguerite,1
2026-09-10,former_badge_4471,2
2026-09-10,xXVoidwalkerXx,2
2026-09-11,AnonInvestor_Q,1
2026-09-11,BURN_HALCYON_DOWN,1
2026-09-11,HALCYONLEAKS,6
2026-09-11,PatriciaK_Trial7,2
2026-09-11,bench_and_bench,1
2026-09-11,dr_marlow_ethics,3
2026-09-11,footnote_frank,1
2026-09-11,former_badge_4471,1
2026-09-11,quarterly_owl,1
2026-09-11,xXVoidwalkerXx,1
2026-09-12,ClinicalCarla,1
2026-09-12,HALCYONLEAKS,6
2026-09-12,PatriciaK_Trial7,1
2026-09-12,float_adjusted,1
